compound,n_C,f_xy_oryza,L_Ph_oryza,kappa_d_oryza
PFBA,4,0.364652,1e-05,0.265365
PFPeA,5,0.142669,1e-05,2.73622
PFHxA,6,0.0713746,0.00210086,3.68852
PFHpA,7,0.0354174,0.00407588,1.72181
PFOA,8,0.0833605,0.0163574,5.91171
PFNA,9,0.138851,0.0475781,13.6699
PFDA,10,0.238568,0.306836,2.67194
PFUnDA,11,0.338914,0.151,1.01331
PFDoDA,12,1,1,0.01
PFBS,4,0.0247711,1e-05,0.376051
PFOS,8,0.401896,0.218969,4.54425
